level,event_type,TP,TN,FP,FN,accuracy,precision,recall,f1
frame,eye_closed,1975,9215,238,510,0.9373429385156643,0.8924536827835517,0.7947686116700201,0.8407833120476799
frame,yawn,176,11435,2,325,0.9726084771318478,0.9887640449438202,0.35129740518962077,0.5184094256259205
frame,head_tilt,576,6806,3679,877,0.6183615345954097,0.1353701527614571,0.39642119752236754,0.20182200420462512
