level,event_type,TP,TN,FP,FN,accuracy,precision,recall,f1
frame,eye_closed,213,2187,132,240,0.8658008658008658,0.6173913043478261,0.47019867549668876,0.5338345864661654
frame,yawn,121,2537,0,114,0.9588744588744589,1.0,0.5148936170212766,0.6797752808988764
frame,head_tilt,0,2553,0,219,0.920995670995671,0.0,0.0,0.0
