level,event_type,TP,TN,FP,FN,accuracy,precision,recall,f1
frame,eye_closed,219,2188,131,234,0.8683261183261183,0.6257142857142857,0.48344370860927155,0.5454545454545455
frame,yawn,121,2537,0,114,0.9588744588744589,1.0,0.5148936170212766,0.6797752808988764
frame,head_tilt,0,2553,0,219,0.920995670995671,0.0,0.0,0.0
