level,event_type,TP,TN,FP,FN,accuracy,precision,recall,f1
frame,eye_closed,268,2165,154,185,0.8777056277056277,0.6350710900473934,0.5916114790286976,0.6125714285714285
frame,yawn,121,2537,0,114,0.9588744588744589,1.0,0.5148936170212766,0.6797752808988764
frame,head_tilt,0,2553,0,219,0.920995670995671,0.0,0.0,0.0
