level,event_type,TP,TN,FP,FN,accuracy,precision,recall,f1
frame,eye_closed,596,4240,398,310,0.8722943722943723,0.5995975855130785,0.6578366445916115,0.6273684210526317
frame,yawn,256,5074,0,214,0.9613997113997114,1.0,0.5446808510638298,0.7052341597796143
frame,head_tilt,0,5106,0,438,0.920995670995671,0.0,0.0,0.0
