level,event_type,TP,TN,FP,FN,accuracy,precision,recall,f1
frame,eye_closed,596,4240,398,310,0.8722943722943723,0.5995975855130785,0.6578366445916115,0.6273684210526317
frame,yawn,242,5074,0,228,0.9588744588744589,1.0,0.5148936170212766,0.6797752808988764
frame,head_tilt,0,5106,0,438,0.920995670995671,0.0,0.0,0.0
