level,event_type,TP,TN,FP,FN,accuracy,precision,recall,f1
frame,eye_closed,1969,9218,239,512,0.9370916401407271,0.8917572463768116,0.7936316001612254,0.8398379185327361
frame,yawn,173,11435,2,328,0.9723571787569107,0.9885714285714285,0.34530938123752497,0.5118343195266273
frame,head_tilt,576,10422,63,877,0.9212598425196851,0.9014084507042254,0.39642119752236754,0.5506692160611855
